"identity","player_team_name","goals"
Miroslav Klose,Germany,16
Ronaldo,Brazil,15
Gerd M�ller,West Germany,14
Lionel Messi,Argentina,13
Just Fontaine,France,13
Pel�,Brazil,12
Kylian Mbapp�,France,12
S�ndor Kocsis,Hungary,11
J�rgen Klinsmann,West Germany,11
Thomas M�ller,Germany,10
Te�filo Cubillas,Peru,10
Helmut Rahn,West Germany,10
Grzegorz Lato,Poland,10
Gary Lineker,England,10
Gabriel Batistuta,Argentina,10
Vav�,Brazil,9
Uwe Seeler,West Germany,9
Roberto Baggio,Italy,9
Paolo Rossi,Italy,9
Karl-Heinz Rummenigge,West Germany,9
Jairzinho,Brazil,9
Eus�bio,Portugal,9
David Villa,Spain,9
Christian Vieri,Italy,9
Ademir,Brazil,9
Rudi V�ller,West Germany,8
Rivaldo,Brazil,8
Oscar M�guez,Uruguay,8
Neymar,Brazil,8
Le�nidas,Brazil,8
Harry Kane,England,8
Guillermo St�bile,Argentina,8
Diego Maradona,Argentina,8
Cristiano Ronaldo,Portugal,8
Old?ich Nejedl�,Czechoslovakia,7
Luis Su�rez,Uruguay,7
Lajos Tichy,Hungary,7
Johnny Rep,Netherlands,7
Hans Sch�fer,West Germany,7
Careca,Brazil,7
Andrzej Szarmach,Poland,7
Zbigniew Boniek,Poland,6
Wesley Sneijder,Netherlands,6
Thierry Henry,France,6
Salvatore Schillaci,Italy,6
Robin van Persie,Netherlands,6
Rob Rensenbrink,Netherlands,6
Rivellino,Brazil,6
Oleg Salenko,Russia,6
Max Morlock,West Germany,6
Mario Mand�uki?,Croatia,6
Mario Kempes,Argentina,6
Lothar Matth�us,West Germany,6
Josef H�gi,Switzerland,6
James Rodr�guez,Colombia,6
Ivan Peri�i?,Croatia,6
Hristo Stoichkov,Bulgaria,6
Helmut Haller,West Germany,6
Gy�rgy S�rosi,Hungary,6
Erich Probst,Austria,6
Enner Valencia,Ecuador,6
Diego Forl�n,Uruguay,6
Dennis Bergkamp,Netherlands,6
Davor �uker,Croatia,6
Bebeto,Brazil,6
Asamoah Gyan,Ghana,6
Arjen Robben,Netherlands,6
Zinedine Zidane,France,5
Zico,Brazil,5
Xherdan Shaqiri,Switzerland,5
Valentin Ivanov,Soviet Union,5
Tom� Skuhrav�,Czechoslovakia,5
Tim Cahill,Australia,5
Silvio Piola,Italy,5
Rom�rio,Brazil,5
Romelu Lukaku,Belgium,5
Roger Milla,Cameroon,5
Ra�l,Spain,5
Peter McParland,Northern Ireland,5
Pedro Cea,Uruguay,5
Olivier Giroud,France,5
Michel Platini,France,5
Marc Wilmots,Belgium,5
Lukas Podolski,Germany,5
Landon Donovan,United States,5
Kennet Andersson,Sweden,5
Juan Alberto Schiaffino,Uruguay,5
Jon Dahl Tomasson,Denmark,5
Johan Neeskens,Netherlands,5
Henrik Larsson,Sweden,5
Hans Krankl,Austria,5
Gyula Zsengell�r,Hungary,5
Gonzalo Higua�n,Argentina,5
Geoff Hurst,England,5
Garrincha,Brazil,5
Franz Beckenbauer,West Germany,5
Fernando Morientes,Spain,5
Fernando Hierro,Spain,5
Emilio Butrague�o,Spain,5
Edinson Cavani,Uruguay,5
Denis Cheryshev,Russia,5
Alessandro Altobelli,Italy,5
Zden?k Zik�n,Czechoslovakia,4
Valeriy Porkujan,Soviet Union,4
Tomas Brolin,Sweden,4
Telmo Zarra,Spain,4
S�crates,Brazil,4
R�bert Vittek,Slovakia,4
Robert Ballaman,Switzerland,4
Ren� Houseman,Argentina,4
Raymond Kopa,France,4
Ralf Edstr�m,Sweden,4
Preben Elkj�r,Denmark,4
Pauleta,Portugal,4
Paul Breitner,West Germany,4
Ottmar Walter,West Germany,4
Oliver Bierhoff,Germany,4
N�ndor Hidegkuti,Hungary,4
M�chel,Spain,4
Michael Owen,England,4
Martin Dahlin,Sweden,4
Marcelo Salas,Chile,4
Luis Hern�ndez,Mexico,4
Leopoldo Luque,Argentina,4
Leonel S�nchez,Chile,4
Kurt Hamrin,Sweden,4
Keisuke Honda,Japan,4
Kazimierz Deyna,Poland,4
Juli�n �lvarez,Argentina,4
Jorge Valdano,Argentina,4
Joe Jordan,Scotland,4
Javier Hern�ndez,Mexico,4
Jan Ceulemans,Belgium,4
Ihor Belanov,Soviet Union,4
Igor Chislenko,Soviet Union,4
Hern�n Crespo,Argentina,4
Gino Colaussi,Italy,4
Fl�ri�n Albert,Hungary,4
Florin R?ducioiu,Romania,4
Fernando Torres,Spain,4
Ferenc Pusk�s,Hungary,4
Ferenc Bene,Hungary,4
Estanislau Basora,Spain,4
Ernst Wilimowski,Poland,4
Edmund Conen,Germany,4
Dra�an Jerkovi?,Yugoslavia,4
Dominique Rocheteau,France,4
Daniel Bertoni,Argentina,4
Clint Dempsey,United States,4
Claudio Caniggia,Argentina,4
Chico,Brazil,4
Carlos Borges,Uruguay,4
Bobby Charlton,England,4
Bert Patenaude,United States,4
Antoine Griezmann,France,4
Angelo Schiavio,Italy,4
Andr� Abegglen,Switzerland,4
Andreas Brehme,West Germany,4
Anatoliy Byshovets,Soviet Union,4
Alcides Ghiggia,Uruguay,4
Ahmed Musa,Nigeria,4
Agne Simonsson,Sweden,4
�ngel Di Mar�a,Argentina,3
�lvaro Morata,Spain,3
Zolt�n Czibor,Hungary,3
Youssef En-Nesyri,Morocco,3
Yerry Mina,Colombia,3
Wolfgang Overath,West Germany,3
Walter Schachner,Austria,3
Wahbi Khazri,Tunisia,3
Tost�o,Brazil,3
Toni Kroos,Germany,3
Todor Veselinovi?,Yugoslavia,3
Theodor Wagner,Austria,3
Sven Jonasson,Sweden,3
Suat Mamat,Turkey,3
Stig Sundqvist,Sweden,3
Steven Gerrard,England,3
Samuel Eto'o,Cameroon,3
Sami Al-Jaber,Saudi Arabia,3
Salem Al-Dawsari,Saudi Arabia,3
R�nald G�mez,Costa Rica,3
Romeu,Brazil,3
Roger Piantoni,France,3
Roger Hunt,England,3
Roberto Dinamite,Brazil,3
Robert Prosine?ki,Yugoslavia,3
Robbie Keane,Republic of Ireland,3
Richarlison,Brazil,3
Raimundo Orsi,Italy,3
Rafael M�rquez,Mexico,3
Preguinho,Brazil,3
Pierre Littbarski,West Germany,3
Per�cio,Brazil,3
Peregrino Anselmo,Uruguay,3
Paulo Wanchope,Costa Rica,3
Papa Bouba Diop,Senegal,3
Oscar,Brazil,3
Oreste Corbatta,Argentina,3
Nico Claesen,Belgium,3
Nelson Cuevas,Paraguay,3
Nat Lofthouse,England,3
Mile Jedinak,Australia,3
Milan Gali?,Yugoslavia,3
Michael Ballack,Germany,3
Memphis Depay,Netherlands,3
Maxi Rodr�guez,Argentina,3
Marcus Rashford,England,3
Manuel Rosas,Mexico,3
L�szl� Kiss,Hungary,3
L�opold Anoul,Belgium,3
Lu�s Fabiano,Brazil,3
Luis Artime,Argentina,3
Leopold Kielholz,Switzerland,3
Karl-Erik Palm�r,Sweden,3
Karim Benzema,France,3
Jung-hwan Ahn,South Korea,3
Julio Salinas,Spain,3
Juan Hohberg,Uruguay,3
Jos� Torres,Portugal,3
Jos� Luis Caminero,Spain,3
Jos� Augusto,Portugal,3
Jorge Burruchaga,Argentina,3
Johan Cruyff,Netherlands,3
Ji-sung Park,South Korea,3
Jesper Olsen,Denmark,3
Jean Nicolas,France,3
Jacques Fatton,Switzerland,3
Ivan Bek,Yugoslavia,3
H�ctor Socorro,Cuba,3
Heung-min Son,South Korea,3
Harry Andersson,Sweden,3
G�za Toldi,Hungary,3
Gustav Wetterstr�m,Sweden,3
Gon�alo Ramos,Portugal,3
Giuseppe Meazza,Italy,3
Gigi Riva,Italy,3
Gianni Rivera,Italy,3
Gheorghe Hagi,Romania,3
Gerry Armstrong,Northern Ireland,3
Fritz Walter,West Germany,3
Falc�o,Brazil,3
Ernst Stojaspal,Austria,3
Ernie Brandts,Netherlands,3
Enzo Scifo,Belgium,3
Eduard Malofeyev,Soviet Union,3
Eden Hazard,Belgium,3
Du�an Bajevi?,Yugoslavia,3
Dragan Stojkovi?,Yugoslavia,3
Dirceu,Brazil,3
Diego Costa,Spain,3
Didi,Brazil,3
David Platt,England,3
David Beckham,England,3
Daniel Passarella,Argentina,3
C�sar Sampaio,Brazil,3
Cuauht�moc Blanco,Mexico,3
Cody Gakpo,Netherlands,3
Carlos Tevez,Argentina,3
Carlos Peucelle,Argentina,3
Burhan Sargun,Turkey,3
Bukayo Saka,England,3
Brian McBride,United States,3
Bernard Genghini,France,3
Baltazar,Brazil,3
Artem Dzyuba,Russia,3
Arne Nyberg,Sweden,3
Andr� Sch�rrle,Germany,3
Andr� Ayew,Ghana,3
Andrej Kramari?,Croatia,3
Andoni Goikoetxea,Spain,3
Amarildo,Brazil,3
Alfred K�rner,Austria,3
Aleksandar Mitrovi?,Serbia,3
Alain Giresse,France,3
Agust�n Delgado,Ecuador,3
Adolf Scherer,Czechoslovakia,3
?tefan Dobay,Romania,3
?lhan Mans?z,Turkey,3
�mit Davala,Turkey,2
�eljko ?ajkovski,Yugoslavia,2
�der,Brazil,2
Zizinho,Brazil,2
Young-gwon Kim,South Korea,2
Yordan Letchkov,Bulgaria,2
Yannick Stopyra,France,2
Xabi Alonso,Spain,2
Wout Weghorst,Netherlands,2
Wim Jonk,Netherlands,2
Wilfried Van Moer,Belgium,2
Wilfried Bony,Ivory Coast,2
W?odzimierz Smolarek,Poland,2
V�clav Hovorka,Czechoslovakia,2
Viorel Moldovan,Romania,2
Vincenzo Iaquinta,Italy,2
Vincent Aboubakar,Cameroon,2
Viktor Ponedelnik,Soviet Union,2
Trevor Francis,England,2
Tom� Rosick�,Czech Republic,2
Tom Finney,England,2
Tibor Nyilasi,Hungary,2
Tiago,Portugal,2
Thiago Silva,Brazil,2
Theodore Whitmore,Jamaica,2
Takashi Inui,Japan,2
Sune Andersson,Sweden,2
Sun-hong Hwang,South Korea,2
Sulley Muntari,Ghana,2
Stanislav Karasi,Yugoslavia,2
Slobodan Komljenovi?,Yugoslavia,2
Sini�a Mihajlovi?,Yugoslavia,2
Sim�o,Portugal,2
Silvestre Igoa,Spain,2
Shinji Okazaki,Japan,2
Shaun Bartlett,South Africa,2
Seung-zin Pak,North Korea,2
Sergio Ag�ero,Argentina,2
Serginho,Brazil,2
Santos Iriarte,Uruguay,2
Sang-chul Yoo,South Korea,2
Sami Khedira,Germany,2
Salaheddine Bassir,Morocco,2
Salah Assad,Algeria,2
Ruud Krol,Netherlands,2
Rub�n Marcos,Chile,2
Ronaldinho,Brazil,2
Ronald de Boer,Netherlands,2
Ron Flowers,England,2
Romeo Benetti,Italy,2
Roland Sandberg,Sweden,2
Robinho,Brazil,2
Roberto Caba�as,Paraguay,2
Roberto Boninsegna,Italy,2
Roberto Bettega,Italy,2
Robert Lewandowski,Poland,2
Ritsu D?an,Japan,2
Riccardo Carapellese,Italy,2
Ricardo Pel�ez,Mexico,2
Raoul Lambert,Belgium,2
Ram�n Calder�,Spain,2
Rafael Le�o,Portugal,2
P�ter Palot�s,Hungary,2
P�l Titkos,Hungary,2
Pinga,Brazil,2
Phillip Cocu,Netherlands,2
Philippe Coutinho,Brazil,2
Philippe Albert,Belgium,2
Pepe,Portugal,2
Paul Pogba,France,2
Patrick Vieira,France,2
Patrick M'Boma,Cameroon,2
Patrick Kluivert,Netherlands,2
Pablo Dorado,Uruguay,2
Omar Bravo,Mexico,2
Oliver Neuville,Germany,2
Oleh Blokhin,Soviet Union,2
Obdulio Varela,Uruguay,2
Nils Liedholm,Sweden,2
Niclas F�llkrug,Germany,2
Nelinho,Brazil,2
Nasko Sirakov,Bulgaria,2
M�rio Zagallo,Brazil,2
M�ller,Brazil,2
Myung-bo Hong,South Korea,2
Mohammed Kudus,Ghana,2
Mohamed Salah,Egypt,2
Moderato,Brazil,2
Milan Dvo?�k,Czechoslovakia,2
Mih�ly Lantos,Hungary,2
Michy Batshuayi,Belgium,2
Michal B�lek,Czechoslovakia,2
Michael Laudrup,Denmark,2
Mesut �zil,Germany,2
Mehdi Taremi,Iran,2
Mats Hummels,Germany,2
Maryan Wisnieski,France,2
Martin Peters,England,2
Marouane Fellaini,Belgium,2
Marius L?c?tu?,Romania,2
Mario G�tze,Germany,2
Marcos Rojo,Argentina,2
Marco Tardelli,Italy,2
Marco Materazzi,Italy,2
Marc Degryse,Belgium,2
Maniche,Portugal,2
L�szl� Fazekas,Hungary,2
Luka Modri?,Croatia,2
Luis Monti,Argentina,2
Luis Garc�a Postigo,Mexico,2
Luis Enrique,Spain,2
Luis Cubilla,Uruguay,2
Luca Toni,Italy,2
Lilian Thuram,France,2
Lefter K���kandonyadis,Turkey,2
Ladislav Petr�,Czechoslovakia,2
K�lm�n M�sz�ly,Hungary,2
Kosta Toma�evi?,Yugoslavia,2
Klaus Fischer,West Germany,2
Klaus Allofs,West Germany,2
Klaas-Jan Huntelaar,Netherlands,2
Kjetil Rekdal,Norway,2
Kevin De Bruyne,Belgium,2
Kenny Dalglish,Scotland,2
Karl Hohmann,Germany,2
Kalu Uche,Nigeria,2
Kai Havertz,Germany,2
J�zsef T�th,Hungary,2
J�nior,Brazil,2
Junichi Inamoto,Japan,2
Jung-soo Lee,South Korea,2
Julio C�sar Romero,Paraguay,2
Julio Abbadie,Uruguay,2
Julinho,Brazil,2
Juanito,Spain,2
Juan Fernando Quintero,Colombia,2
Juan Cuadrado,Colombia,2
Juan Bautista Ag�ero,Paraguay,2
Jos� Sas�a,Uruguay,2
Jos� Parodi,Paraguay,2
Jos� Iraragorri,Spain,2
Jos� Altafini,Brazil,2
Josimar,Brazil,2
Jorge Toro,Chile,2
Jorge Lino Romero,Paraguay,2
John Wark,Scotland,2
John Stones,England,2
Johann Horvath,Austria,2
Joachim Streich,East Germany,2
Jean-Pierre Papin,France,2
Jean Vincent,France,2
Jean Beausejour,Chile,2
Javier Valdivia,Mexico,2
Jared Borgetti,Mexico,2
Jan Vertonghen,Belgium,2
Jair,Brazil,2
Jaime Ram�rez,Chile,2
Jackson Mart�nez,Colombia,2
Ivor Broadis,England,2
Ivor Allchurch,Wales,2
Ivica �urjak,Yugoslavia,2
Ivica Oli?,Croatia,2
Islam Slimani,Algeria,2
Ilie Dumitrescu,Romania,2
H�ctor Yazalde,Argentina,2
H�ctor Castro,Uruguay,2
Hristo Bonev,Bulgaria,2
Henri Camara,Senegal,2
Heinz Flohe,West Germany,2
Hasse Jeppson,Sweden,2
Hasan ?a?,Turkey,2
G�bor P�l�skei,Hungary,2
Guillermo Subiabre,Chile,2
Granit Xhaka,Switzerland,2
Giovanni Ferrari,Italy,2
Giorgian de Arrascaeta,Uruguay,2
Giacomo Bulgarelli,Italy,2
Gervinho,Ivory Coast,2
Gabi Balint,Romania,2
Fuad Anwar,Saudi Arabia,2
Fred,Brazil,2
Fran�ois Omam-Biyik,Cameroon,2
Florencio Amarilla,Paraguay,2
Florea Dumitrache,Romania,2
Ferran Torres,Spain,2
Fernando Quirarte,Mexico,2
Fernandinho,Brazil,2
Erwin Vandenbergh,Belgium,2
Ernst Ocwirk,Austria,2
Ernst Lehner,Germany,2
Enzo Fern�ndez,Argentina,2
Emmanuel Sanon,Haiti,2
Emmanuel Petit,France,2
Emmanuel Amunike,Nigeria,2
Elano,Brazil,2
Eladio Rojas,Chile,2
Egisto Pandolfini,Italy,2
Dries Mertens,Belgium,2
Dino Baggio,Italy,2
Dieter M�ller,West Germany,2
Didier Six,France,2
Didier Drogba,Ivory Coast,2
Derek Kevan,England,2
Dennis Rommedahl,Denmark,2
Davor Jozi?,Yugoslavia,2
David Luiz,Brazil,2
Darko Pan?ev,Yugoslavia,2
Daniel Amokachi,Nigeria,2
Dan Petrescu,Romania,2
Daley Blind,Netherlands,2
Chung-yong Lee,South Korea,2
Chu-young Park,South Korea,2
Cho Gue-sung,South Korea,2
Carlos Vidal,Chile,2
Carlos Tenorio,Ecuador,2
Carles Puyol,Spain,2
Bryan Ruiz,Costa Rica,2
Bryan Robson,England,2
Bruno Fernandes,Portugal,2
Brian Laudrup,Denmark,2
Brett Holman,Australia,2
Breel Embolo,Switzerland,2
Blerim D�emaili,Switzerland,2
Billy Hamilton,Northern Ireland,2
Bernardo Red�n,Colombia,2
Bernard Voorhoof,Belgium,2
Benni McCarthy,South Africa,2
Bastian Schweinsteiger,Germany,2
Bartosz Bosacki,Poland,2
Atilio Cremaschi,Chile,2
Aruna Dindane,Ivory Coast,2
Ariel Ortega,Argentina,2
Arie Haan,Netherlands,2
Archie Gemmill,Scotland,2
Anton�n Pu?,Czechoslovakia,2
Anton�n Panenka,Czechoslovakia,2
Andr�s Iniesta,Spain,2
Andr� Maschinot,France,2
Andriy Shevchenko,Ukraine,2
Andreas Granqvist,Sweden,2
Anatoli Ilyin,Soviet Union,2
Alexis S�nchez,Chile,2
Alexander Frei,Switzerland,2
Alessandro Del Piero,Italy,2
Aleksandar Petakovi?,Yugoslavia,2
Alberto Garc�a Aspe,Mexico,2
Alberto Gallardo,Peru,2
Alan Shearer,England,2
Adriano,Brazil,2
Adrian Knup,Switzerland,2
Adolfo Zumelz�,Argentina,2
Adolfo Valencia,Colombia,2
Abdulrahman Fawzi,Egypt,2
Abderrazak Khairi,Morocco,2
Abdelmoumene Djabou,Algeria,2
Abdeljalil Hadda,Morocco,2
?or?e Vujadinovi?,Yugoslavia,2
�scar Duarte,Costa Rica,1
�ngel Cabrera,Uruguay,1
�mile Veinante,France,1
�lvaro Recoba,Uruguay,1
�lvaro Pereira,Uruguay,1
�dison M�ndez,Ecuador,1
Z� Roberto,Brazil,1
Zlatan Ljubijanki?,Slovenia,1
Zito,Brazil,1
Ziad Jaziri,Tunisia,1
Zdravko Rajkov,Yugoslavia,1
Zakaria Aboukhlal,Morocco,1
Yvon Douis,France,1
Yuya Osako,Japan,1
Yussuf Poulsen,Denmark,1
Yury Gazinsky,Russia,1
Yuri Gavrilov,Soviet Union,1
Yun-nam Ji,North Korea,1
Yousuf Al-Thunayan,Saudi Arabia,1
Youssef Chippo,Morocco,1
Youri Djorkaeff,France,1
Yeltsin Tejeda,Costa Rica,1
Yegor Titov,Russia,1
Yaya Tour�,Ivory Coast,1
Yasuhito End?,Japan,1
Yassine Meriah,Tunisia,1
Yasser Al-Qahtani,Saudi Arabia,1
Yann Sommer,Switzerland,1
Yakubu,Nigeria,1
Yahya Golmohammadi,Iran,1
Yacine Brahimi,Algeria,1
Wolfgang Weber,West Germany,1
Winston Reid,New Zealand,1
Winston Parks,Costa Rica,1
Wim Kieft,Netherlands,1
Wilson Oruma,Nigeria,1
Willy van de Kerkhof,Netherlands,1
Willy J�ggi,Switzerland,1
Wilhelm Hahnemann,Germany,1
Wilf Mannion,England,1
Wilbur Cush,Northern Ireland,1
Wesley Sonck,Belgium,1
Wayne Rooney,England,1
W?odzimierz Cio?ek,Poland,1
V�ctor Rangel,Mexico,1
V�ctor Esp�rrago,Uruguay,1
V�clav Ma�ek,Czechoslovakia,1
Vojislav Meli?,Yugoslavia,1
Vlastimil Kopeck�,Czechoslovakia,1
Vladislav Bogi?evi?,Yugoslavia,1
Vladimir Petrovi?,Yugoslavia,1
Vladimir Beschastnykh,Russia,1
Vitaly Khmelnitsky,Soviet Union,1
Vin�cius J�nior,Brazil,1
Vilmos Kohut,Hungary,1
Victor Moses,Nigeria,1
Victor Ikpeba,Nigeria,1
Vedad Ibi�evi?,Bosnia and Herzegovina,1
Vasyl Rats,Soviet Union,1
Vasilis Torosidis,Greece,1
Valter Birsa,Slovenia,1
Valeri Karpin,Russia,1
Valdomiro,Brazil,1
Uwe Reinders,West Germany,1
Uwe Bein,West Germany,1
Uli Hoene�,West Germany,1
Txiki Begiristain,Spain,1
Tranquillo Barnetta,Switzerland,1
Torsten Frings,Germany,1
Tore Keller,Sweden,1
Tore Andr� Flo,Norway,1
Toni Polster,Austria,1
Tom�s Fern�ndez,Cuba,1
Tom�s Balc�zar,Mexico,1
Tom Turesson,Sweden,1
Tom Florie,United States,1
Tom Boyd,Scotland,1
Todor Kolev,Bulgaria,1
Timothy Weah,United States,1
Tijani Babangida,Nigeria,1
Tihomir Ognjanov,Yugoslavia,1
Th�o Hernandez,France,1
Thomas Sj�berg,Sweden,1
Thomas Meunier,Belgium,1
Thomas Linke,Germany,1
Thomas Helveg,Denmark,1
Thiago Cionek,Poland,1
Theo de Jong,Netherlands,1
Te�filo Guti�rrez,Colombia,1
Terry Medwin,Wales,1
Tedj Bensaoula,Algeria,1
Teboho Mokoena,South Africa,1
Tarcisio Burgnich,Italy,1
Takuma Asano,Japan,1
Takayuki Suzuki,Japan,1
S�ren Lerby,Denmark,1
S�ndor Zombori,Hungary,1
Sven Jacobsson,Sweden,1
Sunday Oliseh,Nigeria,1
St�phane Demol,Belgium,1
St�phane Chapuisat,Switzerland,1
Stuart McCall,Scotland,1
Strahinja Pavlovi?,Serbia,1
Stjepan Bobek,Yugoslavia,1
Steven Zuber,Switzerland,1
Steve Wooddin,New Zealand,1
Steve Sumner,New Zealand,1
Steve Archibald,Scotland,1
Stephen Appiah,Ghana,1
Stefan de Vrij,Netherlands,1
Stefan Majewski,Poland,1
Stanislaus Kobierski,Germany,1
Stan Mortensen,England,1
Soon-ho Choi,South Korea,1
Sol Campbell,England,1
Sokratis Papastathopoulos,Greece,1
Sohrab Bakhtiarizadeh,Iran,1
Sofiane Feghouli,Algeria,1
Skander Souayah,Tunisia,1
Siyabonga Nomvethe,South Africa,1
Siphiwe Tshabalala,South Africa,1
Sinha,Mexico,1
Silviu Bindea,Romania,1
Silvestre Varela,Portugal,1
Sigfried Held,West Germany,1
Shunsuke Nakamura,Japan,1
Shinji Kagawa,Japan,1
Shane Smeltz,New Zealand,1
Seung-kook Yang,North Korea,1
Serhii Rebrov,Ukraine,1
Sergio Ahumada,Chile,1
Sergey Rodionov,Soviet Union,1
Sergej Milinkovi?-Savi?,Serbia,1
Sergei Ignashevich,Russia,1
Sergei Baltacha,Soviet Union,1
Sergei Aleinikov,Soviet Union,1
Serge Gnabry,Germany,1
Seok-ju Ha,South Korea,1
Sebastjan Cimiroti?,Slovenia,1
Sead Kola�inac,Bosnia and Herzegovina,1
Sa�a Ili?,Serbia and Montenegro,1
Sandro Mazzola,Italy,1
Samuel Umtiti,France,1
Samson Siasia,Nigeria,1
Sammy Baird,Scotland,1
Salomon Kalou,Ivory Coast,1
Salman Al-Faraj,Saudi Arabia,1
Salif Diao,Senegal,1
Saleh Al-Shehri,Saudi Arabia,1
Safet Su�i?,Yugoslavia,1
Saeed Al-Owairan,Saudi Arabia,1
Sadio Man�,Senegal,1
R�nald Gonz�lez Brenes,Costa Rica,1
R�ger Flores,Costa Rica,1
R�diger Abramczik,West Germany,1
Ruud van Nistelrooy,Netherlands,1
Ruud Gullit,Netherlands,1
Rui Costa,Portugal,1
Rudolf Noack,Germany,1
Rub�n Toribio D�az,Peru,1
Rub�n Ayala,Argentina,1
Rouzbeh Cheshmi,Iran,1
Roque Santa Cruz,Paraguay,1
Ronald Koeman,Netherlands,1
Romaric,Ivory Coast,1
Romain Sa�ss,Morocco,1
Rolf W�thrich,Switzerland,1
Roger Ljung,Sweden,1
Rodrigo Millar,Chile,1
Roberto Perfumo,Argentina,1
Roberto L�pez Ufarte,Spain,1
Roberto Gay�n,Mexico,1
Roberto Firmino,Brazil,1
Roberto Challe,Peru,1
Roberto Carlos,Brazil,1
Roberto Ayala,Argentina,1
Roberto,Brazil,1
Robert Koren,Slovenia,1
Robert Jarni,Croatia,1
Robbie Earle,Jamaica,1
Rio Ferdinand,England,1
Rildo,Brazil,1
Richard Morales,Uruguay,1
Richard Herrmann,West Germany,1
Ricardo Quaresma,Portugal,1
Ricardo Pavoni,Uruguay,1
Ricardo Horta,Portugal,1
Reza Ghoochannejhad,Iran,1
Ren�-Pierre Quentin,Switzerland,1
Ren� van de Kerkhof,Netherlands,1
Ren� Girard,France,1
Ren� Bader,Switzerland,1
Renato Zaccarelli,Italy,1
Renato Augusto,Brazil,1
Remo Freuler,Switzerland,1
Reinhold Hintermaier,Austria,1
Reinhard Libuda,West Germany,1
Reinaldo,Brazil,1
Ra�l Serv�n,Mexico,1
Ra�l C�rdenas,Mexico,1
Ra�,Brazil,1
Ray Houghton,Republic of Ireland,1
Raul Meireles,Portugal,1
Rashidi Yekini,Nigeria,1
Rapha�l Varane,France,1
Rapha�l Guerreiro,Portugal,1
Raouf Bouzaiene,Tunisia,1
Randal Kolo Muani,France,1
Ram�n Heredia,Argentina,1
Ram�n D�az,Argentina,1
Ramin Rezaeian,Iran,1
Ramaz Shengelia,Soviet Union,1
Rajko Miti?,Yugoslavia,1
Rainer Bonhof,West Germany,1
Raheem Sterling,England,1
Rafik Halliche,Algeria,1
Radivoje Ognjanovi?,Yugoslavia,1
Radhi Ja�di,Tunisia,1
Radamel Falcao,Colombia,1
Rabah Madjer,Algeria,1
Quinton Fortune,South Africa,1
P�l Teleki,Hungary,1
Predrag Mijatovi?,Yugoslavia,1
Plamen Getov,Bulgaria,1
Pirri,Spain,1
Piotr Zieli?ski,Poland,1
Pietro Ferraris,Italy,1
Pietro Anastasi,Italy,1
Pierre van Hooijdonk,Netherlands,1
Pierre Njanka,Cameroon,1
Pierre Issa,South Africa,1
Philippe Senderos,Switzerland,1
Philipp Lahm,Germany,1
Phil Foden,England,1
Petit,Portugal,1
Peter Van der Heyden,Belgium,1
Peter Odemwingie,Nigeria,1
Peter M�ller,Denmark,1
Peter Lorimer,Scotland,1
Peter Etebo,Nigeria,1
Peter Crouch,England,1
Peter Beardsley,England,1
Petar Radakovi?,Yugoslavia,1
Pedro Troglio,Argentina,1
Pedro Rocha,Uruguay,1
Pedro Pasculli,Argentina,1
Pedro Monz�n,Argentina,1
Pawe? Krysza?owicz,Poland,1
Pavel Yakovenko,Soviet Union,1
Paulinho,Brazil,1
Paul Scholes,England,1
Paul Mariner,England,1
Paul Caligiuri,United States,1
Patrick Vervoort,Belgium,1
Paolo Guerrero,Peru,1
Paolo Barison,Italy,1
Paik Seung-ho,South Korea,1
Pablo Bengoechea,Uruguay,1
Pablo Armero,Colombia,1
Ove Grahn,Sweden,1
Otto Siffling,Germany,1
Osvaldo Ardiles,Argentina,1
Osman Bukari,Ghana,1
Oscar Ruggeri,Argentina,1
Oscar Heisserer,France,1
Oribe Peralta,Mexico,1
Oleksandr Zavarov,Soviet Union,1
Oleh Protasov,Soviet Union,1
Ola Toivonen,Sweden,1
N�lton Santos,Brazil,1
N�jib Ghommidh,Tunisia,1
Nuno Gomes,Portugal,1
Norman Whiteside,Northern Ireland,1
Norberto Men�ndez,Argentina,1
Noel Valladares,Honduras,1
Nikola �igi?,Serbia and Montenegro,1
Niko Kova?,Croatia,1
Nikita Simonyan,Soviet Union,1
Niclas Alexandersson,Sweden,1
Nicklas Bendtner,Denmark,1
Niall Quinn,Republic of Ireland,1
Nayef Aguerd,Morocco,1
Nani,Portugal,1
Nahuel Molina,Argentina,1
Nacho,Spain,1
Nacer Chadli,Belgium,1
M�rton Esterh�zy,Hungary,1
M�rio Fernandes,Russia,1
M�rcio Santos,Brazil,1
Mutiu Adepoju,Nigeria,1
Mustapha Hadji,Morocco,1
Mustafa Ertan,Turkey,1
Moussa Wagu�,Senegal,1
Moussa Sissoko,France,1
Mordechai Spiegler,Israel,1
Mokhtar Dhouib,Tunisia,1
Mois�s Caicedo,Ecuador,1
Mohammed Salisu,Ghana,1
Mohammed Muntari,Qatar,1
Mohammed Chaouch,Morocco,1
Mohamed Kader,Togo,1
Mo Johnston,Scotland,1
Mitchell Duke,Australia,1
Mislav Or�i?,Croatia,1
Miralem Pjani?,Bosnia and Herzegovina,1
Milo� Milutinovi?,Yugoslavia,1
Milenko A?imovi?,Slovenia,1
Milan Rapai?,Croatia,1
Milan Luhov�,Czechoslovakia,1
Milan Jovanovi?,Serbia,1
Milan Badelj,Croatia,1
Mikl�s Kov�cs,Romania,1
Miguel �ngel Neira,Chile,1
Miguel �ngel Brindisi,Argentina,1
Miguel �ngel Ben�tez,Paraguay,1
Michel De Wolf,Belgium,1
Michael Bradley,United States,1
Mehdi Mahdavikia,Iran,1
Maxime Bossis,France,1
Maxi Pereira,Uruguay,1
Mauricio Wright,Costa Rica,1
Mauricio Pineda,Argentina,1
Matthias Sindelar,Austria,1
Matthew Upson,England,1
Matt Holland,Republic of Ireland,1
Mathieu Valbuena,France,1
Mathias J�rgensen,Denmark,1
Mathew Leckie,Australia,1
Masashi Nakayama,Japan,1
Mart�n Palermo,Argentina,1
Mart�n Demichelis,Argentina,1
Martin J�rgensen,Denmark,1
Martin Hoffmann,East Germany,1
Marko Panteli?,Serbia,1
Marko Livaja,Croatia,1
Mark Wright,England,1
Mark Gonz�lez,Chile,1
Marius Tr�sor,France,1
Mario Stani?,Croatia,1
Mario Evaristo,Argentina,1
Mario Balotelli,Italy,1
Marino Klinger,Colombia,1
Marcus Allb�ck,Sweden,1
Marcos Coll,Colombia,1
Marco Ure�a,Costa Rica,1
Marco Reus,Germany,1
Marco Bode,Germany,1
Marco Asensio,Spain,1
Marcin ?ew?akow,Poland,1
Marcelo,Brazil,1
Marcell Jansen,Germany,1
Marcelino Bernal,Mexico,1
Marcel Langiller,France,1
Marc Rieper,Denmark,1
Marc Overmars,Netherlands,1
Marc Berdoll,France,1
Maouhoub Ghazouani,Morocco,1
Manuel Sanch�s,Spain,1
Manuel Negrete,Mexico,1
Manuel Amoros,France,1
Manuel Akanji,Switzerland,1
Maneca,Brazil,1
Maksym Kalynychenko,Ukraine,1
Maicon,Brazil,1
Magdi Abdelghani,Egypt,1
M'Baye Niang,Senegal,1
L�z�r Szentes,Hungary,1
L�szl� Dajka,Hungary,1
L�ider Preciado,Colombia,1
Luis Vargas Pe�a,Paraguay,1
Luis Souza Ferreira,Peru,1
Luis Regueiro,Spain,1
Luis Ram�rez Zapata,El Salvador,1
Luis Flores,Mexico,1
Luis Fern�ndez,France,1
Luis Cruz,Uruguay,1
Luis Ch�vez,Mexico,1
Luigi Di Biagio,Italy,1
Ludwig Augustinsson,Sweden,1
Ludovico Avio,Argentina,1
Ludo Coeck,Belgium,1
Lucien Laurent,France,1
Lucas Radebe,South Africa,1
Lucas Paquet�,Brazil,1
Luc Nilis,Belgium,1
Lubo� Kub�k,Czechoslovakia,1
Lovro Majer,Croatia,1
Lothar Emmerich,West Germany,1
Li�dson,Portugal,1
Leroy Fer,Netherlands,1
Leo Clijsters,Belgium,1
Lennart Skoglund,Sweden,1
Leen Vente,Netherlands,1
Laurent Blanc,France,1
Lakhdar Belloumi,Algeria,1
Lajos D�t�ri,Hungary,1
K�roly S�ndor,Hungary,1
K�roly Csap�,Hungary,1
Kwang-rae Cho,South Korea,1
Kwan Hwangbo,South Korea,1
Knut Kroon,Sweden,1
Kiko,Spain,1
Kieran Trippier,England,1
Kick Smit,Netherlands,1
Ki-hyeon Seol,South Korea,1
Khoren Hovhannisyan,Soviet Union,1
Khalilou Fadiga,Senegal,1
Khalid Isma�l,United Arab Emirates,1
Khalid Bouta�b,Morocco,1
Keysher Fuller,Costa Rica,1
Kevin-Prince Boateng,Ghana,1
Kevin Sheedy,Republic of Ireland,1
Keun-ho Lee,South Korea,1
Kendall Waston,Costa Rica,1
Keiji Tamada,Japan,1
Katlego Mphela,South Africa,1
Karl-Heinz Schnellinger,West Germany,1
Karl-Heinz Riedle,Germany,1
Karl Zischek,Austria,1
Karl Sesta,Austria,1
Karl Koller,Austria,1
Karim Ansarifard,Iran,1
Kamil Kop�nek,Slovakia,1
Kalidou Koulibaly,Senegal,1
Kak�,Brazil,1
Kakhi Asatiani,Soviet Union,1
J�zsef Varga,Hungary,1
J�zsef Bozsik,Hungary,1
J�zsef Bencsics,Hungary,1
J�rgen Sparwasser,East Germany,1
J�rgen Grabowski,West Germany,1
J�nos Farkas,Hungary,1
Juninho Pernambucano,Brazil,1
Jung-won Seo,South Korea,1
Jung-moo Huh,South Korea,1
Julius Aghahowa,Nigeria,1
Julio P�rez,Uruguay,1
Julio C�sar Cort�s,Uruguay,1
Julian Green,United States,1
Jude Bellingham,England,1
Juan Pablo Vargas,Costa Rica,1
Juan Mujica,Uruguay,1
Juan Mata,Spain,1
Juan Manuel Asensi,Spain,1
Juan Ignacio Basaguren,Mexico,1
Juan Cayasso,Costa Rica,1
Juan Carre�o,Mexico,1
Juan Carlos Valer�n,Spain,1
Juan Carlos Letelier,Chile,1
Juan Antonio Se�or,Spain,1
Juan,Brazil,1
Jo�o F�lix,Portugal,1
Jo�l Matip,Cameroon,1
Jo�ko Gvardiol,Croatia,1
Jozef �tibr�nyi,Czechoslovakia,1
Jozef Barmo�,Czechoslovakia,1
Jos� Vel�squez,Peru,1
Jos� Sanfilippo,Argentina,1
Jos� Magri��,Cuba,1
Jos� Luis Sierra,Chile,1
Jos� Luis Lamadrid,Mexico,1
Jos� Luis Gonz�lez,Mexico,1
Jos� Luis Brown,Argentina,1
Jos� Gim�nez,Uruguay,1
Jos� Cardozo,Paraguay,1
Josip Skoblar,Yugoslavia,1
Josip Katalinski,Yugoslavia,1
Josip Drmi?,Switzerland,1
Joseph Yobo,Nigeria,1
Josep Maria Fust�,Spain,1
Josep Guardiola,Spain,1
Josef Zeman,Czechoslovakia,1
Josef Masopust,Czechoslovakia,1
Josef Ko�?�lek,Czechoslovakia,1
Josef Kadraba,Czechoslovakia,1
Josef Gauchel,Germany,1
Josef Bican,Austria,1
Jorge Valdivia,Chile,1
Jorge Luis Campos,Paraguay,1
Jorge Costa,Portugal,1
Jordan Henderson,England,1
Jong-boo Kim,South Korea,1
Johnny Haynes,England,1
Johnny Ekstr�m,Sweden,1
John Robertson,Scotland,1
John O'Brien,United States,1
John Harold Lozano,Colombia,1
John Eriksen,Denmark,1
John Collins,Scotland,1
John Charles,Wales,1
John Brooks,United States,1
John Boye,Ghana,1
John Aloisi,Australia,1
John Aldridge,Republic of Ireland,1
Johan Walem,Belgium,1
Joel Campbell,Costa Rica,1
Joe Maca,United States,1
Joe Gaetjens,United States,1
Joe Cole,England,1
Joaqu�n Peir�,Spain,1
Jimmy Murray,Scotland,1
Jimmy Mullen,England,1
Jimmy Greaves,England,1
Jimmy Dickinson,England,1
Jim Brown,United States,1
Ji?� Sobotka,Czechoslovakia,1
Ji?� Feureisl,Czechoslovakia,1
Jes�s Mar�a Zamora,Spain,1
Jesse Lingard,England,1
Jerzy Gorgo?,Poland,1
Jermaine Jones,United States,1
Jermain Defoe,England,1
Jen? Vincze,Hungary,1
Jeff Agoos,United States,1
Jean-Marc Ferreri,France,1
Jean-Charles Castelletto,Cameroon,1
Jean Tigana,France,1
Jawhar Mnari,Tunisia,1
Javier Zanetti,Argentina,1
Javier Saviola,Argentina,1
Javier Guzm�n,Mexico,1
Javier Fragoso,Mexico,1
Javier Ambrois,Uruguay,1
Janusz Kupcewicz,Poland,1
Jan Koller,Czech Republic,1
Jan Bednarek,Poland,1
Jaime Belmonte,Mexico,1
Jackie Mudie,Scotland,1
Jack Grealish,England,1
Ja-cheol Koo,South Korea,1
Iv�n Kaviedes,Ecuador,1
Ivica Vasti?,Austria,1
Ivica Horvat,Yugoslavia,1
Ivan Yaremchuk,Soviet Union,1
Ivan Vutsov,Bulgaria,1
Ivan Rakiti?,Croatia,1
Ivan Ha�ek,Czechoslovakia,1
Ivan Gudelj,Yugoslavia,1
Ivan Davidov,Bulgaria,1
Iuliu Baratky,Romania,1
Isma�la Sarr,Senegal,1
Isidro L�ngara,Spain,1
Isidoro D�az,Mexico,1
Isco,Spain,1
Iraj Danaeifard,Iran,1
Ilija Petkovi?,Yugoslavia,1
Ildo Maneiro,Uruguay,1
Igor Dobrovolski,Soviet Union,1
Iago Aspas,Spain,1
H�vard Flo,Norway,1
H�kan Mild,Sweden,1
H�ctor Zelaya,Honduras,1
H�ctor Scarone,Uruguay,1
H�ctor Ortiz,Mexico,1
H�ctor Hern�ndez,Mexico,1
H�ctor Facundo,Argentina,1
H�ctor De Bourgoing,France,1
H�ctor Chumpitaz,Peru,1
Hugo S�nchez,Mexico,1
Hugo Almeida,Portugal,1
Houmane Jarir,Morocco,1
Horst Szymaniak,West Germany,1
Horst Hrubesch,West Germany,1
Horacio Casar�n,Mexico,1
Hirving Lozano,Mexico,1
Hiroaki Morishima,Japan,1
Hidetoshi Nakata,Japan,1
Hern�n Medford,Costa Rica,1
Herm�n Gaviria,Colombia,1
Henry Mart�n,Mexico,1
Henri Coppens,Belgium,1
Hendrik Isemborghs,Belgium,1
Heinz Schneiter,Switzerland,1
Hee-chan Hwang,South Korea,1
Hassan Roshan,Iran,1
Hassan Nader,Morocco,1
Harry Maguire,England,1
Harry Kewell,Australia,1
Haris Seferovic,Switzerland,1
Hansi M�ller,West Germany,1
Hans Cieslarczyk,West Germany,1
Haminu Draman,Ghana,1
Hamid Estili,Iran,1
Hakim Ziyech,Morocco,1
Hakan ?�k�r,Turkey,1
Haji Wright,United States,1
G�sta Dunker,Sweden,1
G�rson,Brazil,1
G�rard Soler,France,1
G�rard Hausser,France,1
G�lson Fernandes,Switzerland,1
Gylfi Sigur�sson,Iceland,1
Gustavo Pe�a,Mexico,1
Gustavo Moscoso,Chile,1
Gunnar Gren,Sweden,1
Guillermo La Rosa,Peru,1
Gr�goire M'Bida,Cameroon,1
Grzegorz Krychowiak,Poland,1
Graeme Souness,Scotland,1
Gordon Strachan,Scotland,1
Goran Vlaovi?,Croatia,1
Glenn Str�mberg,Sweden,1
Giuseppe Giannini,Italy,1
Giovanni van Bronckhorst,Netherlands,1
Giovani dos Santos,Mexico,1
Gino Pariani,United States,1
Gilberto,Brazil,1
Gianluca Zambrotta,Italy,1
Giampiero Boniperti,Italy,1
Gerry Hitchens,England,1
Germ�n Aceros,Colombia,1
Gerhard Rodax,Austria,1
Gerardo Torrado,Mexico,1
Georgios Samaras,Greece,1
Georginio Wijnaldum,Netherlands,1
Georgi Sokolov,Bulgaria,1
Georgi Bachev,Bulgaria,1
Georgi Asparuhov,Bulgaria,1
Georges Verriest,France,1
Georges Gr�n,Belgium,1
Georges Bregy,Switzerland,1
George Robledo,Chile,1
Genki Haraguchi,Japan,1
Gavi,Spain,1
Gaston Taument,Netherlands,1
Gary Breen,Republic of Ireland,1
Gareth Bale,Wales,1
Gaizka Mendieta,Spain,1
Gabriel Mercado,Argentina,1
Gabriel Heinze,Argentina,1
Fulvio Nesti,Italy,1
Fryderyk Scherfke,Poland,1
Fria�a,Brazil,1
Frenkie de Jong,Netherlands,1
Freddy Rinc�n,Colombia,1
Freddie Ljungberg,Sweden,1
Franti�ek Svoboda,Czechoslovakia,1
Franky Vercauteren,Belgium,1
Frank Wallace,United States,1
Franco Causio,Italy,1
Franck Rib�ry,France,1
Francisco Zuluaga,Colombia,1
Francisco Varallo,Argentina,1
Francisco Fonseca,Mexico,1
Francisco Arce,Paraguay,1
Francesco Totti,Italy,1
Francesco Graziani,Italy,1
Fl�vio,Angola,1
Florent Malouda,France,1
Finidi George,Nigeria,1
Filippo Inzaghi,Italy,1
Fernando Riera,Chile,1
Ferjani Sassi,Tunisia,1
Felipe Baloy,Panama,1
Famara Di�dhiou,Senegal,1
Fakhreddine Ben Youssef,Tunisia,1
Faisal Al-Dakhil,Kuwait,1
Fahad Al-Ghesheyan,Saudi Arabia,1
Fabio Quagliarella,Italy,1
Fabio Grosso,Italy,1
Fabio Capello,Italy,1
Eul-yong Lee,South Korea,1
Eug�ne Ek�k�,Cameroon,1
Eugen Walaschek,Switzerland,1
Esteban Cambiasso,Argentina,1
Erwin S�nchez,Bolivia,1
Erol Keskin,Turkey,1
Ernst L�rtscher,Switzerland,1
Ernesto Vidal,Uruguay,1
Ernesto Belis,Argentina,1
Ern? Solymosi,Hungary,1
Ermindo Onega,Argentina,1
Ermes Muccinelli,Italy,1
Erich Obermayer,Austria,1
Eric Wynalda,United States,1
Eric Maxim Choupo-Moting,Cameroon,1
Enzo Francescoli,Uruguay,1
Enrique Vera,Paraguay,1
Enrique Saura,Spain,1
Enrique Guaita,Italy,1
Enrique Borja,Mexico,1
Emre Bel�zo?lu,Turkey,1
Emmanuel Olisadebe,Poland,1
Emmanuel Kund�,Cameroon,1
Emile Heskey,England,1
Emil Kostadinov,Bulgaria,1
Emil Forsberg,Sweden,1
Emerich Dembrovschi,Romania,1
Eloy,Spain,1
Eduardo Vargas,Chile,1
Edson �lvarez,Mexico,1
Edm�lson,Brazil,1
Edinho,Brazil,1
Edin D�eko,Bosnia and Herzegovina,1
Edgar Davids,Netherlands,1
Ebbe Sand,Denmark,1
Earnie Stewart,United States,1
Dylan Bronn,Tunisia,1
Du�an Vlahovi?,Serbia,1
Dragan D�aji?,Yugoslavia,1
Doo-ik Pak,North Korea,1
Dong-woon Li,North Korea,1
Domagoj Vida,Croatia,1
Dobromir Zhechev,Bulgaria,1
Dmitri Sychev,Russia,1
Dmitri Radchenko,Russia,1
Djamel Zidane,Algeria,1
Djalma Santos,Brazil,1
Divock Origi,Belgium,1
Dirk Kuyt,Netherlands,1
Dinko Dermendzhiev,Bulgaria,1
Dimitris Salpingidis,Greece,1
Diego God�n,Uruguay,1
Dick Nanninga,Netherlands,1
Diamantino,Portugal,1
Denzel Dumfries,Netherlands,1
Dennis Wilshaw,England,1
Dele Alli,England,1
Deco,Portugal,1
Davy Klaassen,Netherlands,1
David Trezeguet,France,1
David Narey,Scotland,1
David Emb�,Cameroon,1
Dar�o Rodr�guez,Uruguay,1
Darren Anderton,England,1
Darijo Srna,Croatia,1
Daniele Massaro,Italy,1
Daniele De Rossi,Italy,1
Daniel Veyt,Belgium,1
Daniel Sturridge,England,1
Daniel Fonseca,Uruguay,1
Daniel Borimirov,Bulgaria,1
Daniel Agger,Denmark,1
Dani Olmo,Spain,1
Dani,Spain,1
Dan Eggen,Norway,1
Damien Duff,Republic of Ireland,1
Daizen Maeda,Japan,1
C�sar L�pez Fretes,Paraguay,1
C�sar Cueto,Peru,1
Cristian Zaccardo,Italy,1
Cristian Riveros,Paraguay,1
Craig Moore,Australia,1
Craig Goodwin,Australia,1
Craig Burley,Scotland,1
Constantin Stanciu,Romania,1
Conny Torstensson,Sweden,1
Colin Curran,Australia,1
Colin Clarke,Northern Ireland,1
Clodoaldo,Brazil,1
Clint Mathis,United States,1
Claudio Marchisio,Italy,1
Claudio L�pez,Argentina,1
Chun-soo Lee,South Korea,1
Christophe Dugarry,France,1
Christian Pulisic,United States,1
Christian Lopez,France,1
Christian Eriksen,Denmark,1
Chong-gug Song,South Korea,1
Charles Ar�nguiz,Chile,1
Charles Antenen,Switzerland,1
Chang-sun Park,South Korea,1
Celso Ayala,Paraguay,1
Cayetano R�,Paraguay,1
Casemiro,Brazil,1
Carsten Jancker,Germany,1
Carlos Vela,Mexico,1
Carlos Valderrama,Colombia,1
Carlos Soler,Spain,1
Carlos Manuel,Portugal,1
Carlos Gamarra,Paraguay,1
Carlos Babington,Argentina,1
Carlos Alberto,Brazil,1
Carlo Galli,Italy,1
Carlo Costly,Honduras,1
Cacau,Germany,1
B�lent Korkmaz,Turkey,1
Bryan Roy,Netherlands,1
Bruno Pezzey,Austria,1
Bruno Petkovi?,Croatia,1
Bruno Mora,Italy,1
Bruno Conti,Italy,1
Bruce Murray,United States,1
Bror Mellberg,Sweden,1
Brent Sancho,Trinidad and Tobago,1
Branko Zebec,Yugoslavia,1
Branko Oblak,Yugoslavia,1
Branco,Brazil,1
Boulaye Dia,Senegal,1
Boudewijn Zenden,Netherlands,1
Bongani Khumalo,South Africa,1
Bonaventure Kalou,Ivory Coast,1
Bobby Collins,Scotland,1
Blaise Matuidi,France,1
Blagoje Marjanovi?,Yugoslavia,1
Bixente Lizarazu,France,1
Beto,Portugal,1
Berti Vogts,West Germany,1
Bernhard Klodt,West Germany,1
Bernhard Cullmann,West Germany,1
Bernd Schneider,Germany,1
Bernd H�lzenbein,West Germany,1
Bernard Lacombe,France,1
Benjamin Pavard,France,1
Benito Lorenzi,Italy,1
Bart McGhee,United States,1
Bamba Dieng,Senegal,1
Bakari Kon�,Ivory Coast,1
Aziz Bouhaddouz,Morocco,1
Aziz Behich,Australia,1
Avdija Vr�ajevi?,Bosnia and Herzegovina,1
Aur�lien Tchouam�ni,France,1
Atilio L�pez,Paraguay,1
Asparuh Nikodimov,Bulgaria,1
Arturo V�zquez Ayala,Mexico,1
Aron Winter,Netherlands,1
Arne Friedrich,Germany,1
Arne Brustad,Norway,1
Ao Tanaka,Japan,1
Ant�nio Sim�es,Portugal,1
Antonio Rada,Colombia,1
Antonio Laing,Honduras,1
Antonio Di Natale,Italy,1
Antonio Cabrini,Italy,1
Antonio Alzamendi,Uruguay,1
Anton Schall,Austria,1
Antol�n Alcaraz,Paraguay,1
Ante Rebi?,Croatia,1
Angelo Domenghini,Italy,1
Andr�s T�th,Hungary,1
Andr�s Prieto,Chile,1
Andr�s Guardado,Mexico,1
Andr�s Escobar,Colombia,1
Andr� Carrillo,Peru,1
Andrzej Buncol,Poland,1
Andriy Rusol,Ukraine,1
Andriy Bal,Soviet Union,1
Andrei Zygmantovich,Soviet Union,1
Andreas Samaris,Greece,1
Andreas Ogris,Austria,1
Andreas M�ller,Germany,1
Andreas Christensen,Denmark,1
Andrea Pirlo,Italy,1
Andranik Eskandarian,Iran,1
Andoni Zubizarreta,Spain,1
Andi Herzog,Austria,1
Anders Svensson,Sweden,1
Anatoliy Banishevskiy,Soviet Union,1
Amleto Frignani,Italy,1
Amancio,Spain,1
Alphonso Davies,Canada,1
Allan Nielsen,Denmark,1
Allan Clarke,England,1
Ali Thani Jumaa,United Arab Emirates,1
Ali Kaabi,Tunisia,1
Alfre� Finnbogason,Iceland,1
Alfredo del �guila,Mexico,1
Alfredo,Brazil,1
Alfred Pfaff,West Germany,1
Alfred Bickel,Switzerland,1
Alexis Mac Allister,Argentina,1
Alexandru Neagu,Romania,1
Alexandre Czerniatynski,Belgium,1
Aleksei Mamykin,Soviet Union,1
Aleksandr Zavarov,Soviet Union,1
Aleksandr Kokorin,Russia,1
Aleksandr Kerzhakov,Russia,1
Aleksandr Ivanov,Soviet Union,1
Aleksandr Golovin,Russia,1
Aleksandr Chivadze,Soviet Union,1
Aleksandar Tirnani?,Yugoslavia,1
Aleksandar Kolarov,Serbia,1
Alejandro Scopelli,Argentina,1
Aldo Serena,Italy,1
Aldo Donelli,United States,1
Alberto Tarantini,Argentina,1
Alberto G�rriz,Spain,1
Alberto Gilardino,Italy,1
Alberto Galateo,Argentina,1
Albert Br�lls,West Germany,1
Alan Mullery,England,1
Alain Sutter,Switzerland,1
Alain Couriol,France,1
Ahmed Radhi,Iraq,1
Ahmed Fathy,Egypt,1
Adrien Rabiot,France,1
Adrian Ilie,Romania,1
Adnan Januzaj,Belgium,1
Admir Mehmedi,Switzerland,1
Adelardo,Spain,1
Adalbert De?u,Romania,1
Achraf Dari,Morocco,1
Abel Balbo,Argentina,1
Abdullah Al-Buloushi,Kuwait,1
Abdelkrim Merry,Morocco,1
?lkay G�ndo?an,Germany,1
